id,company,title,job_date,is_remote,role_family,job_url,collected_at,raw_json
1,Credit Wellness,Inside Sales Contractor,2026-09-08,1,Engineering,https://remotive.com/remote-jobs/sales/inside-sales-contractor-2086540,2026-09-11T13:23:36.141186+00:00,"{""schemaVersion"":""1.0"",""recordType"":""JOB"",""source"":{""name"":""Remotive AI Jobs"",""url"":""https://remotive.com/remote-jobs/sales/inside-sales-contractor-2086540""},""content"":{""company"":""Credit Wellness"",""date"":""2026-09-08"",""is_remote"":true,""role_family"":""Engineering"",""title"":""Inside Sales Contractor"",""job_url"":""https://remotive.com/remote-jobs/sales/inside-sales-contractor-2086540"",""location"":null},""collectedAt"":""2026-09-11T13:23:36.141186+00:00""}"
2,Unio Digital,Tier III Service Desk Engineer,2026-09-06,1,Engineering,https://remotive.com/remote-jobs/information-technology/tier-iii-service-desk-engineer-2091045,2026-09-11T13:23:36.141186+00:00,"{""schemaVersion"":""1.0"",""recordType"":""JOB"",""source"":{""name"":""Remotive AI Jobs"",""url"":""https://remotive.com/remote-jobs/information-technology/tier-iii-service-desk-engineer-2091045""},""content"":{""company"":""Unio Digital"",""date"":""2026-09-06"",""is_remote"":true,""role_family"":""Engineering"",""title"":""Tier III Service Desk Engineer"",""job_url"":""https://remotive.com/remote-jobs/information-technology/tier-iii-service-desk-engineer-2091045"",""location"":null},""collectedAt"":""2026-09-11T13:23:36.141186+00:00""}"
3,Iapwe,Freelance Writer,2026-09-04,1,Engineering,https://remotive.com/remote-jobs/writing/freelance-writer-1185979,2026-09-11T13:23:36.141186+00:00,"{""schemaVersion"":""1.0"",""recordType"":""JOB"",""source"":{""name"":""Remotive AI Jobs"",""url"":""https://remotive.com/remote-jobs/writing/freelance-writer-1185979""},""content"":{""company"":""Iapwe"",""date"":""2026-09-04"",""is_remote"":true,""role_family"":""Engineering"",""title"":""Freelance Writer"",""job_url"":""https://remotive.com/remote-jobs/writing/freelance-writer-1185979"",""location"":null},""collectedAt"":""2026-09-11T13:23:36.141186+00:00""}"
4,Coalition,Freelance Copywriter,2026-09-02,1,Engineering,https://remotive.com/remote-jobs/writing/freelance-copywriter-1749306,2026-09-11T13:23:36.141186+00:00,"{""schemaVersion"":""1.0"",""recordType"":""JOB"",""source"":{""name"":""Remotive AI Jobs"",""url"":""https://remotive.com/remote-jobs/writing/freelance-copywriter-1749306""},""content"":{""company"":""Coalition"",""date"":""2026-09-02"",""is_remote"":true,""role_family"":""Engineering"",""title"":""Freelance Copywriter"",""job_url"":""https://remotive.com/remote-jobs/writing/freelance-copywriter-1749306"",""location"":null},""collectedAt"":""2026-09-11T13:23:36.141186+00:00""}"
5,Lemon Io,Senior React Full-stack Developer,2026-08-27,1,Engineering,https://remotive.com/remote-jobs/software-development/senior-react-full-stack-developer-2091101,2026-09-11T13:23:36.141186+00:00,"{""schemaVersion"":""1.0"",""recordType"":""JOB"",""source"":{""name"":""Remotive AI Jobs"",""url"":""https://remotive.com/remote-jobs/software-development/senior-react-full-stack-developer-2091101""},""content"":{""company"":""Lemon Io"",""date"":""2026-08-27"",""is_remote"":true,""role_family"":""Engineering"",""title"":""Senior React Full-stack Developer"",""job_url"":""https://remotive.com/remote-jobs/software-development/senior-react-full-stack-developer-2091101"",""location"":null},""collectedAt"":""2026-09-11T13:23:36.141186+00:00""}"
6,Lemon Io,Senior QA Engineer,2026-08-26,1,Engineering,https://remotive.com/remote-jobs/qa/senior-qa-engineer-2091100,2026-09-11T13:23:36.141186+00:00,"{""schemaVersion"":""1.0"",""recordType"":""JOB"",""source"":{""name"":""Remotive AI Jobs"",""url"":""https://remotive.com/remote-jobs/qa/senior-qa-engineer-2091100""},""content"":{""company"":""Lemon Io"",""date"":""2026-08-26"",""is_remote"":true,""role_family"":""Engineering"",""title"":""Senior QA Engineer"",""job_url"":""https://remotive.com/remote-jobs/qa/senior-qa-engineer-2091100"",""location"":null},""collectedAt"":""2026-09-11T13:23:36.141186+00:00""}"
7,Lemon Io,Senior DevOps Engineer,2026-08-25,1,Engineering,https://remotive.com/remote-jobs/devops/senior-devops-engineer-2091099,2026-09-11T13:23:36.141186+00:00,"{""schemaVersion"":""1.0"",""recordType"":""JOB"",""source"":{""name"":""Remotive AI Jobs"",""url"":""https://remotive.com/remote-jobs/devops/senior-devops-engineer-2091099""},""content"":{""company"":""Lemon Io"",""date"":""2026-08-25"",""is_remote"":true,""role_family"":""Engineering"",""title"":""Senior DevOps Engineer"",""job_url"":""https://remotive.com/remote-jobs/devops/senior-devops-engineer-2091099"",""location"":null},""collectedAt"":""2026-09-11T13:23:36.141186+00:00""}"
8,Telus Digital,Content Reviewer - English US,2026-08-21,1,Engineering,https://remotive.com/remote-jobs/all-others/content-reviewer-english-us-2091105,2026-09-11T13:23:36.141186+00:00,"{""schemaVersion"":""1.0"",""recordType"":""JOB"",""source"":{""name"":""Remotive AI Jobs"",""url"":""https://remotive.com/remote-jobs/all-others/content-reviewer-english-us-2091105""},""content"":{""company"":""Telus Digital"",""date"":""2026-08-21"",""is_remote"":true,""role_family"":""Engineering"",""title"":""Content Reviewer - English US"",""job_url"":""https://remotive.com/remote-jobs/all-others/content-reviewer-english-us-2091105"",""location"":null},""collectedAt"":""2026-09-11T13:23:36.141186+00:00""}"
9,Lemon Io,Senior Golang Developer,2026-08-20,1,Engineering,https://remotive.com/remote-jobs/software-development/senior-golang-developer-2091098,2026-09-11T13:23:36.141186+00:00,"{""schemaVersion"":""1.0"",""recordType"":""JOB"",""source"":{""name"":""Remotive AI Jobs"",""url"":""https://remotive.com/remote-jobs/software-development/senior-golang-developer-2091098""},""content"":{""company"":""Lemon Io"",""date"":""2026-08-20"",""is_remote"":true,""role_family"":""Engineering"",""title"":""Senior Golang Developer"",""job_url"":""https://remotive.com/remote-jobs/software-development/senior-golang-developer-2091098"",""location"":null},""collectedAt"":""2026-09-11T13:23:36.141186+00:00""}"
10,Lemon Io,Senior Data Engineer,2026-08-19,1,Engineering,https://remotive.com/remote-jobs/software-development/senior-data-engineer-2091097,2026-09-11T13:23:36.141186+00:00,"{""schemaVersion"":""1.0"",""recordType"":""JOB"",""source"":{""name"":""Remotive AI Jobs"",""url"":""https://remotive.com/remote-jobs/software-development/senior-data-engineer-2091097""},""content"":{""company"":""Lemon Io"",""date"":""2026-08-19"",""is_remote"":true,""role_family"":""Engineering"",""title"":""Senior Data Engineer"",""job_url"":""https://remotive.com/remote-jobs/software-development/senior-data-engineer-2091097"",""location"":null},""collectedAt"":""2026-09-11T13:23:36.141186+00:00""}"
11,A Team,Senior Independent AI Engineer / Architect,2026-08-16,1,Engineering,https://remotive.com/remote-jobs/software-development/senior-independent-ai-engineer-architect-1919266,2026-09-11T13:23:36.141186+00:00,"{""schemaVersion"":""1.0"",""recordType"":""JOB"",""source"":{""name"":""Remotive AI Jobs"",""url"":""https://remotive.com/remote-jobs/software-development/senior-independent-ai-engineer-architect-1919266""},""content"":{""company"":""A Team"",""date"":""2026-08-16"",""is_remote"":true,""role_family"":""Engineering"",""title"":""Senior Independent AI Engineer / Architect"",""job_url"":""https://remotive.com/remote-jobs/software-development/senior-independent-ai-engineer-architect-1919266"",""location"":null},""collectedAt"":""2026-09-11T13:23:36.141186+00:00""}"
12,A Team,Senior Independent Software Developer,2026-08-16,1,Engineering,https://remotive.com/remote-jobs/software-development/senior-independent-software-developer-1919265,2026-09-11T13:23:36.141186+00:00,"{""schemaVersion"":""1.0"",""recordType"":""JOB"",""source"":{""name"":""Remotive AI Jobs"",""url"":""https://remotive.com/remote-jobs/software-development/senior-independent-software-developer-1919265""},""content"":{""company"":""A Team"",""date"":""2026-08-16"",""is_remote"":true,""role_family"":""Engineering"",""title"":""Senior Independent Software Developer"",""job_url"":""https://remotive.com/remote-jobs/software-development/senior-independent-software-developer-1919265"",""location"":null},""collectedAt"":""2026-09-11T13:23:36.141186+00:00""}"
13,Garden3D,Head of Marketing & Communications,2026-08-15,1,Engineering,https://remotive.com/remote-jobs/marketing/head-of-marketing-communications-2091068,2026-09-11T13:23:36.141186+00:00,"{""schemaVersion"":""1.0"",""recordType"":""JOB"",""source"":{""name"":""Remotive AI Jobs"",""url"":""https://remotive.com/remote-jobs/marketing/head-of-marketing-communications-2091068""},""content"":{""company"":""Garden3D"",""date"":""2026-08-15"",""is_remote"":true,""role_family"":""Engineering"",""title"":""Head of Marketing & Communications"",""job_url"":""https://remotive.com/remote-jobs/marketing/head-of-marketing-communications-2091068"",""location"":null},""collectedAt"":""2026-09-11T13:23:36.141186+00:00""}"
14,Mitre Media,Tech Lead Full-Stack Rails Engineer,2026-08-14,1,Engineering,https://remotive.com/remote-jobs/software-development/tech-lead-full-stack-rails-engineer-2069746,2026-09-11T13:23:36.141186+00:00,"{""schemaVersion"":""1.0"",""recordType"":""JOB"",""source"":{""name"":""Remotive AI Jobs"",""url"":""https://remotive.com/remote-jobs/software-development/tech-lead-full-stack-rails-engineer-2069746""},""content"":{""company"":""Mitre Media"",""date"":""2026-08-14"",""is_remote"":true,""role_family"":""Engineering"",""title"":""Tech Lead Full-Stack Rails Engineer"",""job_url"":""https://remotive.com/remote-jobs/software-development/tech-lead-full-stack-rails-engineer-2069746"",""location"":null},""collectedAt"":""2026-09-11T13:23:36.141186+00:00""}"
15,Telus Digital,Face Deduplication Collection,2026-08-13,1,Engineering,https://remotive.com/remote-jobs/all-others/face-deduplication-collection-2091093,2026-09-11T13:23:36.141186+00:00,"{""schemaVersion"":""1.0"",""recordType"":""JOB"",""source"":{""name"":""Remotive AI Jobs"",""url"":""https://remotive.com/remote-jobs/all-others/face-deduplication-collection-2091093""},""content"":{""company"":""Telus Digital"",""date"":""2026-08-13"",""is_remote"":true,""role_family"":""Engineering"",""title"":""Face Deduplication Collection"",""job_url"":""https://remotive.com/remote-jobs/all-others/face-deduplication-collection-2091093"",""location"":null},""collectedAt"":""2026-09-11T13:23:36.141186+00:00""}"
16,Roame,Roame (YC S23) Is Hiring Viral Content Editor,2026-09-09,0,Engineering,https://news.ycombinator.com/item?id=49625110,2026-09-11T13:23:37.126203+00:00,"{""schemaVersion"":""1.0"",""recordType"":""JOB"",""source"":{""name"":""HackerNews Jobs"",""url"":""https://news.ycombinator.com/item?id=49625110""},""content"":{""company"":""Roame"",""date"":""2026-09-09"",""is_remote"":false,""role_family"":""Engineering"",""title"":""Roame (YC S23) Is Hiring Viral Content Editor"",""job_url"":""https://news.ycombinator.com/item?id=49625110"",""location"":null},""collectedAt"":""2026-09-11T13:23:37.126203+00:00""}"
17,Opalite,Opalite Health (YC W26) Is Hiring – Founding GTM,2026-09-06,0,Engineering,https://news.ycombinator.com/item?id=49588466,2026-09-11T13:23:37.410608+00:00,"{""schemaVersion"":""1.0"",""recordType"":""JOB"",""source"":{""name"":""HackerNews Jobs"",""url"":""https://news.ycombinator.com/item?id=49588466""},""content"":{""company"":""Opalite"",""date"":""2026-09-06"",""is_remote"":false,""role_family"":""Engineering"",""title"":""Opalite Health (YC W26) Is Hiring – Founding GTM"",""job_url"":""https://news.ycombinator.com/item?id=49588466"",""location"":null},""collectedAt"":""2026-09-11T13:23:37.410608+00:00""}"
18,Subimage,SubImage (YC W25) Is Hiring a Founding Engineer in SF,2026-09-04,0,Engineering,https://news.ycombinator.com/item?id=49563415,2026-09-11T13:23:37.694103+00:00,"{""schemaVersion"":""1.0"",""recordType"":""JOB"",""source"":{""name"":""HackerNews Jobs"",""url"":""https://news.ycombinator.com/item?id=49563415""},""content"":{""company"":""Subimage"",""date"":""2026-09-04"",""is_remote"":false,""role_family"":""Engineering"",""title"":""SubImage (YC W25) Is Hiring a Founding Engineer in SF"",""job_url"":""https://news.ycombinator.com/item?id=49563415"",""location"":null},""collectedAt"":""2026-09-11T13:23:37.694103+00:00""}"
19,Tasklet,Tasklet (YC P26) Is Hiring a Customer Success Engineer,2026-09-03,0,Engineering,https://news.ycombinator.com/item?id=49556922,2026-09-11T13:23:37.978142+00:00,"{""schemaVersion"":""1.0"",""recordType"":""JOB"",""source"":{""name"":""HackerNews Jobs"",""url"":""https://news.ycombinator.com/item?id=49556922""},""content"":{""company"":""Tasklet"",""date"":""2026-09-03"",""is_remote"":false,""role_family"":""Engineering"",""title"":""Tasklet (YC P26) Is Hiring a Customer Success Engineer"",""job_url"":""https://news.ycombinator.com/item?id=49556922"",""location"":null},""collectedAt"":""2026-09-11T13:23:37.978142+00:00""}"
20,Gooseworks,Gooseworks (YC W23) Is Hiring – Founding Creative Engineer,2026-09-03,0,Engineering,https://news.ycombinator.com/item?id=49553173,2026-09-11T13:23:38.268125+00:00,"{""schemaVersion"":""1.0"",""recordType"":""JOB"",""source"":{""name"":""HackerNews Jobs"",""url"":""https://news.ycombinator.com/item?id=49553173""},""content"":{""company"":""Gooseworks"",""date"":""2026-09-03"",""is_remote"":false,""role_family"":""Engineering"",""title"":""Gooseworks (YC W23) Is Hiring – Founding Creative Engineer"",""job_url"":""https://news.ycombinator.com/item?id=49553173"",""location"":null},""collectedAt"":""2026-09-11T13:23:38.268125+00:00""}"
21,9,"9 Mothers (YC P26) Is Hiring in Austin, TX",2026-09-03,0,Engineering,https://news.ycombinator.com/item?id=49548864,2026-09-11T13:23:38.551512+00:00,"{""schemaVersion"":""1.0"",""recordType"":""JOB"",""source"":{""name"":""HackerNews Jobs"",""url"":""https://news.ycombinator.com/item?id=49548864""},""content"":{""company"":""9"",""date"":""2026-09-03"",""is_remote"":false,""role_family"":""Engineering"",""title"":""9 Mothers (YC P26) Is Hiring in Austin, TX"",""job_url"":""https://news.ycombinator.com/item?id=49548864"",""location"":null},""collectedAt"":""2026-09-11T13:23:38.551512+00:00""}"
22,Nango Yc W23,"Nango (YC W23) is hiring across eng, product and GTM (SF and remote)",2026-09-02,1,Engineering,https://news.ycombinator.com/item?id=49542486,2026-09-11T13:23:38.858036+00:00,"{""schemaVersion"":""1.0"",""recordType"":""JOB"",""source"":{""name"":""HackerNews Jobs"",""url"":""https://news.ycombinator.com/item?id=49542486""},""content"":{""company"":""Nango Yc W23"",""date"":""2026-09-02"",""is_remote"":true,""role_family"":""Engineering"",""title"":""Nango (YC W23) is hiring across eng, product and GTM (SF and remote)"",""job_url"":""https://news.ycombinator.com/item?id=49542486"",""location"":null},""collectedAt"":""2026-09-11T13:23:38.858036+00:00""}"
23,Telli Yc F24,"Telli (YC F24) is hiring engineers and designers [Berlin, on-site]",2026-09-02,0,Engineering,https://news.ycombinator.com/item?id=49533557,2026-09-11T13:23:39.147297+00:00,"{""schemaVersion"":""1.0"",""recordType"":""JOB"",""source"":{""name"":""HackerNews Jobs"",""url"":""https://news.ycombinator.com/item?id=49533557""},""content"":{""company"":""Telli Yc F24"",""date"":""2026-09-02"",""is_remote"":false,""role_family"":""Engineering"",""title"":""Telli (YC F24) is hiring engineers and designers [Berlin, on-site]"",""job_url"":""https://news.ycombinator.com/item?id=49533557"",""location"":null},""collectedAt"":""2026-09-11T13:23:39.147297+00:00""}"
24,Quill,Quill (YC W20) Is Hiring a Fullstack SWE,2026-09-01,0,Engineering,https://news.ycombinator.com/item?id=49524704,2026-09-11T13:23:39.433586+00:00,"{""schemaVersion"":""1.0"",""recordType"":""JOB"",""source"":{""name"":""HackerNews Jobs"",""url"":""https://news.ycombinator.com/item?id=49524704""},""content"":{""company"":""Quill"",""date"":""2026-09-01"",""is_remote"":false,""role_family"":""Engineering"",""title"":""Quill (YC W20) Is Hiring a Fullstack SWE"",""job_url"":""https://news.ycombinator.com/item?id=49524704"",""location"":null},""collectedAt"":""2026-09-11T13:23:39.433586+00:00""}"
25,Collectwise,CollectWise (YC F24) Is Hiring,2026-09-01,0,Engineering,https://news.ycombinator.com/item?id=49518877,2026-09-11T13:23:40.554748+00:00,"{""schemaVersion"":""1.0"",""recordType"":""JOB"",""source"":{""name"":""HackerNews Jobs"",""url"":""https://news.ycombinator.com/item?id=49518877""},""content"":{""company"":""Collectwise"",""date"":""2026-09-01"",""is_remote"":false,""role_family"":""Engineering"",""title"":""CollectWise (YC F24) Is Hiring"",""job_url"":""https://news.ycombinator.com/item?id=49518877"",""location"":null},""collectedAt"":""2026-09-11T13:23:40.554748+00:00""}"
26,Tech Startup,Fin: Solutions Architect -Spanish Speaking,2026-09-11,1,Engineering,https://weworkremotely.com/remote-jobs/fin-solutions-architect-spanish-speaking,2026-09-11T13:23:41.624236+00:00,"{""schemaVersion"":""1.0"",""recordType"":""JOB"",""source"":{""name"":""WeWorkRemotely"",""url"":""https://weworkremotely.com/remote-jobs/fin-solutions-architect-spanish-speaking""},""content"":{""company"":""Tech Startup"",""date"":""2026-09-11"",""is_remote"":true,""role_family"":""Engineering"",""title"":""Fin: Solutions Architect -Spanish Speaking"",""job_url"":""https://weworkremotely.com/remote-jobs/fin-solutions-architect-spanish-speaking"",""location"":null},""collectedAt"":""2026-09-11T13:23:41.624236+00:00""}"
27,Tech Startup,Toptal: Power Platform Solutions Architect,2026-09-10,1,Engineering,https://weworkremotely.com/remote-jobs/toptal-power-platform-solutions-architect,2026-09-11T13:23:41.624236+00:00,"{""schemaVersion"":""1.0"",""recordType"":""JOB"",""source"":{""name"":""WeWorkRemotely"",""url"":""https://weworkremotely.com/remote-jobs/toptal-power-platform-solutions-architect""},""content"":{""company"":""Tech Startup"",""date"":""2026-09-10"",""is_remote"":true,""role_family"":""Engineering"",""title"":""Toptal: Power Platform Solutions Architect"",""job_url"":""https://weworkremotely.com/remote-jobs/toptal-power-platform-solutions-architect"",""location"":null},""collectedAt"":""2026-09-11T13:23:41.624236+00:00""}"
28,Tech Startup,Flexport: Senior Systems Engineer (Identity and Access),2026-09-10,1,Engineering,https://weworkremotely.com/remote-jobs/flexport-senior-systems-engineer-identity-and-access,2026-09-11T13:23:41.624236+00:00,"{""schemaVersion"":""1.0"",""recordType"":""JOB"",""source"":{""name"":""WeWorkRemotely"",""url"":""https://weworkremotely.com/remote-jobs/flexport-senior-systems-engineer-identity-and-access""},""content"":{""company"":""Tech Startup"",""date"":""2026-09-10"",""is_remote"":true,""role_family"":""Engineering"",""title"":""Flexport: Senior Systems Engineer (Identity and Access)"",""job_url"":""https://weworkremotely.com/remote-jobs/flexport-senior-systems-engineer-identity-and-access"",""location"":null},""collectedAt"":""2026-09-11T13:23:41.624236+00:00""}"
29,Tech Startup,Salesloft: Commercial Account Manager,2026-09-09,1,Engineering,https://weworkremotely.com/remote-jobs/salesloft-commercial-account-manager,2026-09-11T13:23:41.624236+00:00,"{""schemaVersion"":""1.0"",""recordType"":""JOB"",""source"":{""name"":""WeWorkRemotely"",""url"":""https://weworkremotely.com/remote-jobs/salesloft-commercial-account-manager""},""content"":{""company"":""Tech Startup"",""date"":""2026-09-09"",""is_remote"":true,""role_family"":""Engineering"",""title"":""Salesloft: Commercial Account Manager"",""job_url"":""https://weworkremotely.com/remote-jobs/salesloft-commercial-account-manager"",""location"":null},""collectedAt"":""2026-09-11T13:23:41.624236+00:00""}"
30,Tech Startup,Lemon.io: Senior .NET Full-stack Developer,2026-09-08,1,Engineering,https://weworkremotely.com/remote-jobs/lemon-io-senior-net-full-stack-developer-1,2026-09-11T13:23:41.625247+00:00,"{""schemaVersion"":""1.0"",""recordType"":""JOB"",""source"":{""name"":""WeWorkRemotely"",""url"":""https://weworkremotely.com/remote-jobs/lemon-io-senior-net-full-stack-developer-1""},""content"":{""company"":""Tech Startup"",""date"":""2026-09-08"",""is_remote"":true,""role_family"":""Engineering"",""title"":""Lemon.io: Senior .NET Full-stack Developer"",""job_url"":""https://weworkremotely.com/remote-jobs/lemon-io-senior-net-full-stack-developer-1"",""location"":null},""collectedAt"":""2026-09-11T13:23:41.625247+00:00""}"
31,Tech Startup,Lemon.io: Senior Java & React Developer,2026-09-07,1,Engineering,https://weworkremotely.com/remote-jobs/lemon-io-senior-java-react-developer,2026-09-11T13:23:41.625247+00:00,"{""schemaVersion"":""1.0"",""recordType"":""JOB"",""source"":{""name"":""WeWorkRemotely"",""url"":""https://weworkremotely.com/remote-jobs/lemon-io-senior-java-react-developer""},""content"":{""company"":""Tech Startup"",""date"":""2026-09-07"",""is_remote"":true,""role_family"":""Engineering"",""title"":""Lemon.io: Senior Java & React Developer"",""job_url"":""https://weworkremotely.com/remote-jobs/lemon-io-senior-java-react-developer"",""location"":null},""collectedAt"":""2026-09-11T13:23:41.625247+00:00""}"
32,Tech Startup,Legion: Director of Production Engineering,2026-09-07,1,Engineering,https://weworkremotely.com/remote-jobs/legion-director-of-production-engineering,2026-09-11T13:23:41.625247+00:00,"{""schemaVersion"":""1.0"",""recordType"":""JOB"",""source"":{""name"":""WeWorkRemotely"",""url"":""https://weworkremotely.com/remote-jobs/legion-director-of-production-engineering""},""content"":{""company"":""Tech Startup"",""date"":""2026-09-07"",""is_remote"":true,""role_family"":""Engineering"",""title"":""Legion: Director of Production Engineering"",""job_url"":""https://weworkremotely.com/remote-jobs/legion-director-of-production-engineering"",""location"":null},""collectedAt"":""2026-09-11T13:23:41.625247+00:00""}"
33,Tech Startup,Legion: Chief Architect,2026-09-07,1,Engineering,https://weworkremotely.com/remote-jobs/legion-chief-architect,2026-09-11T13:23:41.625247+00:00,"{""schemaVersion"":""1.0"",""recordType"":""JOB"",""source"":{""name"":""WeWorkRemotely"",""url"":""https://weworkremotely.com/remote-jobs/legion-chief-architect""},""content"":{""company"":""Tech Startup"",""date"":""2026-09-07"",""is_remote"":true,""role_family"":""Engineering"",""title"":""Legion: Chief Architect"",""job_url"":""https://weworkremotely.com/remote-jobs/legion-chief-architect"",""location"":null},""collectedAt"":""2026-09-11T13:23:41.625247+00:00""}"
34,Tech Startup,"Track it Forward: Lead Developer — Rebuild, Modernize, & Scale (Social Good SaaS, Remote)",2026-09-04,1,Engineering,https://weworkremotely.com/remote-jobs/track-it-forward-lead-developer-rebuild-modernize-scale-social-good-saas-remote,2026-09-11T13:23:41.626246+00:00,"{""schemaVersion"":""1.0"",""recordType"":""JOB"",""source"":{""name"":""WeWorkRemotely"",""url"":""https://weworkremotely.com/remote-jobs/track-it-forward-lead-developer-rebuild-modernize-scale-social-good-saas-remote""},""content"":{""company"":""Tech Startup"",""date"":""2026-09-04"",""is_remote"":true,""role_family"":""Engineering"",""title"":""Track it Forward: Lead Developer — Rebuild, Modernize, & Scale (Social Good SaaS, Remote)"",""job_url"":""https://weworkremotely.com/remote-jobs/track-it-forward-lead-developer-rebuild-modernize-scale-social-good-saas-remote"",""location"":null},""collectedAt"":""2026-09-11T13:23:41.626246+00:00""}"
35,Tech Startup,Lemon.io: Senior React Native Developer,2026-09-04,1,Engineering,https://weworkremotely.com/remote-jobs/lemon-io-senior-react-native-developer-1,2026-09-11T13:23:41.626246+00:00,"{""schemaVersion"":""1.0"",""recordType"":""JOB"",""source"":{""name"":""WeWorkRemotely"",""url"":""https://weworkremotely.com/remote-jobs/lemon-io-senior-react-native-developer-1""},""content"":{""company"":""Tech Startup"",""date"":""2026-09-04"",""is_remote"":true,""role_family"":""Engineering"",""title"":""Lemon.io: Senior React Native Developer"",""job_url"":""https://weworkremotely.com/remote-jobs/lemon-io-senior-react-native-developer-1"",""location"":null},""collectedAt"":""2026-09-11T13:23:41.626246+00:00""}"
